{
    "$schema": "https://schema.management.azure.com/schemas/2019-04-01/deploymentTemplate.json#",
    "contentVersion": "1.0.0.0",
    "parameters": {
        "CustomerName": {
            "type": "string",
            "defaultValue": "example",
            "maxLength": 10,
            "metadata": {
                "description": "Enter custommer name for naming scheme"
            }
        },
        "VNet-addressSpace": {
            "type": "string",
            "defaultValue": "10.20.0.0/20",
            "metadata": {
                "description": "Virtueel netwerk (CIDR format)"
            }
        },
        "ADDS-AddressSpace": {
            "type": "string",
            "defaultValue": "10.20.0.0/24",
            "metadata": {
                "description": "AADDS Subnet (CIDR format)"
            }
        },
        "AVD-AddressSpace": {
            "type": "string",
            "defaultValue": "10.20.1.0/24",
            "metadata": {
                "description": "AVD Subnet (CIDR format)"
            }
        },
        "GatewaySubnet-AddressSpace": {
            "type": "string",
            "defaultValue": "10.20.2.0/24",
            "metadata": {
                "description": "Gateway Subnet (CIDR format)"
            }
        },
        "ipsecPSK": {
            "type": "string",
            "defaultValue": "sharedPSK",
            "metadata": {
                "description": "PSK for the site to site connection"
            }
        },
        "CustomerCity": {
            "type": "string",
            "defaultValue": "City",
            "metadata": {
                "description": "City name to be used for naming scheme"
            }
        },
        "CustomerZipCode": {
            "type": "string",
            "defaultValue": "ZIP code",
            "metadata": {
                "description": "ZIP code to be used for naming scheme" 
            }
        },
        "localGatewayIP": {
            "type": "string",
            "defaultValue": "127.0.0.1",
            "metadata": {
                "description": "WAN IP of localgateway"
            }
        },
        "localNetworkAddressRange": {
            "type": "string",
            "defaultValue": "127.0.0.1/24",
            "metadata": {
                "description": "Local subnet"
            }
        },
        "deployVPN": {
            "type": "string",
            "defaultValue": "No",
            "allowedValues": [
                "Yes",
                "No"
            ]
        },
        "createConnection": {
            "type": "string",
            "defaultValue": "No",
            "allowedValues": [
                "Yes",
                "No"
            ]
        },
        "gatewaySku": {
            "type": "string",
            "defaultValue": "VpnGw1",
            "allowedValues": [
                "Basic",
                "VpnGw1",
                "VpnGw2",
                "VpnGw3"
            ]
        },
        "fslogixShareSize": {
            "type": "int",
            "defaultValue": 100,
            "metadata": {
                "description": "FSLogix Share Capacity"
            }
        },
        "isShareSoftDeleteEnabled": {
            "type": "bool",
            "defaultValue": true,
            "metadata": {
                "description": "Enable Soft Delete"
            }
        },
        "shareSoftDeleteRetentionDays": {
            "type": "int",
            "defaultValue": 7,
            "metadata": {
                "description": "Soft Delete Retention Days"
            }
        }
    },
    "functions": [],
    "variables": {
        "vnetName": "[concat(parameters('CustomerName'), '-vnet-01')]",
        "storageName": "[concat(parameters('CustomerName'), 'stor')]",
        "firstSubnetName": "aadds",
        "secondSubnetName": "wvd-hosts",
        "GatewaySubnetName": "GatewaySubnet",
        "VPNGatewayPip": "[concat(parameters('CustomerName'), '-vgw-pip-01')]",
        "VPNGatewayName": "[concat(parameters('CustomerName'), '-vgw-01')]",
        "vpnVnetConnectionName": "[concat(parameters('CustomerName'), '-cn-', parameters('CustomerCity'), '-', parameters('CustomerZipCode'))]",
        "localNetworkGateway": "[concat(parameters('CustomerName'), '-lgw-', parameters('CustomerCity'), '-', parameters('CustomerZipCode'))]"
    },
    "resources": [
        {
            "name": "[variables('storageName')]",
            "type": "Microsoft.Storage/storageAccounts",
            "apiVersion": "2021-06-01",
            "properties": {
                "supportsHttpsTrafficOnly": true,
                "allowBlobPublicAccess": false,
                "allowSharedKeyAccess": true,
                "minimumTlsVersion": "TLS1_2"
            },
            "tags": {
                "displayName": "[variables('storageName')]"
            },
            "location": "[resourceGroup().location]",
            "kind": "FileStorage",
            "sku": {
                "name": "Premium_LRS",
                "tier": "Premium"
            },
            "resources": [
                    {
                        "type": "Microsoft.Storage/storageAccounts/fileServices/shares",
                        "apiVersion": "2021-06-01",
                        "properties": {
                            "shareQuota": "[parameters('fslogixShareSize')]"
                        },
                        "name": "[concat(variables('storageName'), '/default/fslogix')]",
                        "dependsOn": [
                            "[resourceId('Microsoft.Storage/storageAccounts', variables('storageName'))]"
                        ]
                    }
                ]
        },
        {
            "name": "[concat(variables('storageName'), '/default')]",
            "type": "Microsoft.Storage/storageAccounts/fileservices",
            "apiVersion": "2021-06-01",
            "properties": {
                "shareDeleteRetentionPolicy": {
                    "enabled": "[parameters('isShareSoftDeleteEnabled')]",
                    "days": "[parameters('shareSoftDeleteRetentionDays')]"
                }
            },
            "dependsOn": [
                "[concat('Microsoft.Storage/storageAccounts/', variables('storageName'))]"
            ]
        },
        {
            "condition": "[and(not(equals(parameters('deployVPN'),'Yes')),not(equals(parameters('createConnection'),'Yes')))]",
            "name": "networkOnly",
            "type": "Microsoft.Resources/deployments",
            "apiVersion": "2021-04-01",
            "properties": {
                "mode": "Incremental",
                "templateLink": {
                    "relativePath": "linkedTemplates/networkOnly.json"
                },
                "parameters": {
                    "vnetName": {
                        "value": "[variables('vnetName')]"
                    },
                    "VNet-addressSpace": {
                        "value": "[parameters('VNet-addressSpace')]"
                    },
                    "ADDS-AddressSpace": {
                        "value": "[parameters('ADDS-AddressSpace')]"
                    },
                    "AVD-AddressSpace": {
                        "value": "[parameters('AVD-AddressSpace')]"
                    },
                    "firstSubnetName": {
                        "value": "[variables('firstSubnetName')]"
                    },
                    "secondSubnetName": {
                        "value": "[variables('secondSubnetName')]"
                    }
                }
            }
        },
        {
            "condition": "[and(not(equals(parameters('deployVPN'),'No')),not(equals(parameters('createConnection'),'Yes')))]",
            "name": "networkAndGateway",
            "type": "Microsoft.Resources/deployments",
            "apiVersion": "2021-04-01",
            "properties": {
                "mode": "Incremental",
                "templateLink": {
                    "relativePath": "linkedTemplates/networkAndGateway.json"
                },
                "parameters": {
                    "vnetName": {
                        "value": "[variables('vnetName')]"
                    },
                    "VNet-addressSpace": {
                        "value": "[parameters('VNet-addressSpace')]"
                    },
                    "ADDS-AddressSpace": {
                        "value": "[parameters('ADDS-AddressSpace')]"
                    },
                    "AVD-AddressSpace": {
                        "value": "[parameters('AVD-AddressSpace')]"
                    },
                    "firstSubnetName": {
                        "value": "[variables('firstSubnetName')]"
                    },
                    "secondSubnetName": {
                        "value": "[variables('secondSubnetName')]"
                    },
                    "GatewaySubnetName": {
                        "value": "[variables('GatewaySubnetName')]"
                    },
                    "GatewaySubnet-AddressSpace": {
                        "value": "[parameters('GatewaySubnet-AddressSpace')]"
                    },
                    "VPNGatewayPip": {
                        "value": "[variables('VPNGatewayPip')]"
                    },
                    "VPNGatewayName": {
                        "value": "[variables('VPNGatewayName')]" 
                    },
                    "gatewaySku": {
                        "value": "[parameters('gatewaySku')]"
                    }
                }
            }
        },
        {
            "condition": "[and(not(equals(parameters('deployVPN'),'No')),not(equals(parameters('createConnection'),'No')))]",
            "name": "networkGatewayAndConnection",
            "type": "Microsoft.Resources/deployments",
            "apiVersion": "2021-04-01",
            "properties": {
                "mode": "Incremental",
                "templateLink": {
                    "relativePath": "linkedTemplates/networkGatewayAndConnection.json"
                },
                "parameters": {
                    "vnetName": {
                        "value": "[variables('vnetName')]"
                    },
                    "VNet-addressSpace": {
                        "value": "[parameters('VNet-addressSpace')]"
                    },
                    "ADDS-AddressSpace": {
                        "value": "[parameters('ADDS-AddressSpace')]"
                    },
                    "AVD-AddressSpace": {
                        "value": "[parameters('AVD-AddressSpace')]"
                    },
                    "firstSubnetName": {
                        "value": "[variables('firstSubnetName')]"
                    },
                    "secondSubnetName": {
                        "value": "[variables('secondSubnetName')]"
                    },
                    "GatewaySubnetName": {
                        "value": "[variables('GatewaySubnetName')]"
                    },
                    "GatewaySubnet-AddressSpace": {
                        "value": "[parameters('GatewaySubnet-AddressSpace')]"
                    },
                    "VPNGatewayPip": {
                        "value": "[variables('VPNGatewayPip')]"
                    },
                    "VPNGatewayName": {
                        "value": "[variables('VPNGatewayName')]" 
                    },
                    "gatewaySku": {
                        "value": "[parameters('gatewaySku')]"
                    },
                    "localNetworkGateway": {
                        "value": "[variables('localNetworkGateway')]"
                    },
                    "localNetworkAddressRange": {
                        "value": "[parameters('localNetworkAddressRange')]"
                    },
                    "localGatewayIP": {
                        "value": "[parameters('localGatewayIP')]"
                    },
                    "vpnVnetConnectionName": {
                        "value": "[variables('vpnVnetConnectionName')]"
                    },
                    "ipsecPSK": {
                        "value": "[parameters('ipsecPSK')]"
                    }
                }
            }
        }                   
    ],
    "outputs": {}
}
